"Post ID","Page ID","Page name",Title,"Duration (sec)","Publish time",Permalink,"Post type","Data comment",Date,Comments,Distribution,Impressions,Interactions,"Net follows",Reactions,Saves,Shares,Viewers,Views,"Average Seconds viewed","Seconds viewed"
1241462154784715,100067628259798,"Pronto MS","Start 2026 with a safer, cleaner commercial kitchen.

The best way to kick off a successful year is by ensuring your facility is safe and compliant from day one. At Pronto MS, we specialize in professional kitchen exhaust and ventilation cleaning that goes beyond the surface.

Our expert services help your business:

Reduce Fire Risks: We remove heavy grease accumulation that can lead to dangerous flash fires.

Improve Air Quality: Better ventilation means a cooler, more comfortable environment for your staff.

Ensure Compliance: Stay ahead of health and safety inspections with certified cleaning standards.

Don't let a hidden hazard disrupt your 2026 goals. Let our professional team handle the dirty work so you can focus on your customers!

Request your service quote today: 
📞 Phone: (312) 909-1888 🌐 Website: www.prontoms.com 
📩 DM us for a quick estimate!

#ProntoMS #KitchenExhaustCleaning #VentilationCleaning #CommercialKitchen #FireSafety #KitchenMaintenance #FacilityManagement #SafetyFirst #ChicagoBusiness #SafeKitchens2026",0,"01/02/2026 07:30",https://www.facebook.com/Prontoms/posts/pfbid02pp33tFC94Vwg3vEhj9e9Znba4Eo3K7m7k8SjF4jAhBEhYgQh1SYnKwghWefySL2Bl,Photo,,Lifetime,0,--,5,1,0,0,0,1,4,6,,
1240340604896870,100067628259798,"Pronto MS","Cheers to a safe and successful 2026!

As we close the chapter on 2025, we want to express our deepest gratitude for your partnership. At Pronto MS, it has been an honor keeping your facilities running smoothly and safely throughout the year.

Thank you for trusting us with your business. We are excited to continue providing you with the highest level of service in the year ahead. Wishing you, your team, and your families a prosperous, healthy, and worry-free New Year!

We are ready to serve you in the New Year: 
📞 Phone: (312) 909-1888 
📩 DM us for 2026 service inquiries!

#ProntoMS #HappyNewYear2026 #FacilityManagement #BuildingMaintenance #ThankYou #NewYearSuccess #ChicagoBusiness #SafetyFirst #ProfessionalService #CommercialProperty",0,"12/31/2025 21:59",https://www.facebook.com/Prontoms/posts/pfbid02YU6K966NovrjJgVe1QtfEnQfomotruxGhSjLAmsAKQCkz8cWCCxoYJRjthXnef6Al,Photo,,Lifetime,0,--,8,1,0,0,0,1,7,9,,
1307117538219176,100067628259798,"Pronto MS","🛡️ The Professional Choice
Expertise isn't just about what you do—it’s about knowing what not to do.

Improper duct cleaning is more than a missed opportunity; it’s a liability. Poorly executed service can compromise your ductwork’s structural integrity, skyrocket your utility costs, and circulate contaminants rather than removing them.

At ProntoMS, we don't just ""clean""—we restore your system’s efficiency and protect your air quality using industry-leading standards.

Don't settle for ""good enough"" when it comes to your HVAC system. Trust the trained professionals to deliver safety, efficiency, and peace of mind.

📈 Why Choose ProntoMS?
Precision: No damage to existing ductwork.

Efficiency: Lower energy bills through optimized airflow.

Health: Measurable improvements in indoor air quality.

🔗 Link in bio to schedule your professional assessment.
📞 Direct Line: (312) 909-1888
🌐 Website: www.prontoms.com

#HVACProfessionals #DuctRestoration #IndoorAirQuality #EnergyEfficiency #ProntoMS #FacilityMaintenance #HVACMaintenance",0,"03/17/2026 20:52",https://www.facebook.com/Prontoms/posts/pfbid02LPWXtD7FABUtKBKXAHYqj2Y74Z2zf8MHhGcEKKViBqAXV6wy9phLTYD6XdJwmAfal,Photo,,Lifetime,0,--,5,1,0,0,0,1,4,9,,
1306359518294978,100067628259798,"Pronto MS","Maximize your comfort and minimize your costs. 🌬️💼

Regular HVAC duct maintenance is more than just a cleaning service—it’s an investment in your property’s efficiency and your family’s health. By removing dust and debris, you allow your system to breathe, lowering energy consumption and significantly extending the lifespan of your unit.

Why Prioritize Duct Cleaning?
System Efficiency: Reduce the strain on your AC during peak summer heat.

Cost Management: Lower monthly utility bills by optimizing airflow.

Air Quality: Significantly reduce indoor allergens and pollutants.

Don’t wait for a system failure to take action. Ensure your home remains a sanctuary of clean, cool air all season long.

🌐 Visit us: www.prontoms.com

📞 Call today: (312) 909-1888

#HVACMaintenance #IndoorAirQuality #EnergyEfficiency #HomeWellness #ProntoMS #SummerReady",0,"03/16/2026 22:22",https://www.facebook.com/Prontoms/posts/pfbid035yPvE8KSHnjCTnbpBp39ddJ1DLwYkhXmScKDCWAFRx6ihtCWfzGpXDSSHbE4NkgQl,Photo,,Lifetime,0,--,4,1,0,0,0,1,4,8,,
1305539958376934,100067628259798,"Pronto MS","Breathe cleaner air today! 💨

Your air ducts could be hiding more than you think. From pet dander to bacteria, don’t let your HVAC system circulate the ""gross"" stuff.

High-quality cleaning is just a call away.
📞 (312) 909-1888
🌐 www.prontoms.com",19,"03/15/2026 23:02",https://www.facebook.com/reel/1812913783029861/,Reel,,Lifetime,0,+0.4x,119,1,0,0,1,0,116,131,4.364,514.955
1302989518631978,100067628259798,"Pronto MS","Maintaining your HVAC system doesn’t have to be a headache! A little TLC goes a long way in keeping your home comfortable and your energy bills low. 🏠✨

Check out these 5 essential tips to keep your unit running at its best:

1️⃣ Regular Filter Changes: Clean air = a happy system. Swap those filters to lower energy costs and extend your unit's life.
2️⃣ Professional Maintenance: Don't skip the tune-ups! Annual pro checks keep things running safely year-round.
3️⃣ Clean Air Vents: Dust and buildup are the enemies of airflow. Keep them clear to maximize efficiency.
4️⃣ Check Thermostat Settings: Optimize your schedules to match your lifestyle and save on usage.
5️⃣ Monitor Energy Usage: Keep an eye on the numbers! Noticing a spike early can help you prevent costly repairs down the road.

Stay cool (or warm!) and keep your system in top shape with ProntoMS. 🛠️❄️🔥

#HVACMaintenance #HomeTips #EnergyEfficiency #ProntoMS #ComfortClimate #SmartHome #HVACLife",0,"03/12/2026 21:29",https://www.facebook.com/Prontoms/posts/pfbid0p7dTiUqgzjtYA7uHdF5pSkgwSfJeUt5sNunuYEuU1pX8VwByVEvBprrUe6hewPoal,Photo,,Lifetime,0,--,5,2,0,1,0,1,4,8,,
1302405358690394,100067628259798,"Pronto MS","Don't wait for a breakdown to realize how much you need your equipment. 🛠️

In the world of facility management, proactive is always better than reactive. Regular preventive maintenance isn't just a ""to-do"" list item—it’s a strategy to keep your operations running smoothly, your costs predictable, and your equipment living its longest life.

Why choose preventive maintenance with ProntoMS?

📉 Minimize Downtime: Keep your business moving without unexpected interruptions.

💰 Control Costs: Small fixes today prevent expensive disasters tomorrow.

⏳ Extend Equipment Life: Make your investments last longer with expert care.

Stop the problems before they even start. 🛑

📞 Contact us: (312) 909-1888
🌐 Visit us: www.prontoms.com

#ProntoMS #PreventiveMaintenance #FacilityManagement #HVACLife #OperationalExcellence #MaintenanceMatters #BusinessEfficiency",0,"03/12/2026 05:49",https://www.facebook.com/Prontoms/posts/pfbid0F9UDdCpr1iXjWixgX84T3LCVi3hDD35NfjiPqUF5sxaEv1PGUNQ76kFJQ3yQk4mZl,Photo,,Lifetime,0,--,4,1,0,0,0,1,4,4,,
1300660822198181,100067628259798,"Pronto MS","Your facility's safety shouldn't be a guessing game. 🛡️🔥

Whether you’re managing a warehouse, an office, or a retail space, staying compliant isn't just about following rules—it’s about peace of mind. At ProntoMS, we provide professional fire protection services that ensure you are prepared for the unexpected.

Our expert team handles the details so you can focus on your business:
✅ Compliance: Stay up to code with local regulations.
✅ Preparation: Equipment that works when it matters most.
✅ Protection: Comprehensive safety for your team and assets.

Don't wait for an emergency to find out if your systems are ready.

📞 Call us today: (312) 909-1888
🌐 Visit us: www.prontoms.com

#FireSafety #FacilityManagement #SafetyFirst #FireProtection #ProntoMS #Compliance #SafetyInspection #BusinessSafety #ChicagoBusiness",0,"03/10/2026 04:16",https://www.facebook.com/Prontoms/posts/pfbid0jf27EZdNcZoeJNBU7ujMw3DKS9cSMx1Hj8YZhtdSR16SRDCwWrKd7py392aKCg8xl,Photo,,Lifetime,0,--,3,1,0,0,0,1,3,4,,
1299865272277736,100067628259798,"Pronto MS","Breathe easier knowing your workspace is clean from the inside out. 🌬️✨

Our professional HVAC cleaning services at ProntoMS go beyond the surface to improve air quality and ensure a healthier indoor environment for your entire team. From thorough air duct cleaning to full system inspections, we help you maintain a space that’s as safe as it is comfortable.

Our services include:

Air Duct Cleaning

HVAC System Inspection

Improved Air Quality

Energy Efficient Performance

Ready for a refresh? Book your service today!

📞 (312) 909-1888
🌐 www.prontoms.com

#ProntoMS #HVACCleaning #IndoorAirQuality #CleanAir #WorkplaceSafety #FacilityMaintenance",0,"03/09/2026 05:28",https://www.facebook.com/Prontoms/posts/pfbid02U2nzgqaTQvo6vNdmwm1VYy7RRbEaGUbZGdDiGT5SRzetsxDXUT9fx3sgFByNz5gAl,Photo,,Lifetime,0,--,6,2,0,1,0,1,6,9,,
1297487815848815,100067628259798,"Pronto MS","Beat the heat, not your wallet! ☀️📉

When a heatwave hits, your HVAC system works overtime to keep you comfortable. Ensure your AC is running at peak efficiency with these 5 essential tips to stay cool without the stress:

❄️ How to Stay Efficient:
Change your air filters regularly: Clogged filters restrict airflow and force your system to work harder.

Keep curtains closed during the day: Blocking out direct sunlight prevents natural heat from warming up your rooms.

Schedule regular maintenance checkups: Professional tuning ensures every component is in top shape before the peak heat hits.

Use fans to help circulate cool air: Ceiling and floor fans help distribute the AC’s hard work more effectively throughout the house.

Use a programmable thermostat for control: Optimize your cooling schedule so you aren't wasting energy when you aren't home.

Don't wait for your system to struggle. A little maintenance goes a long way in keeping your home a sanctuary all summer long!

📞 Call us for a tune-up: (312) 909-1888
🌐 Visit: www.prontoms.com

#HVACTips #SummerCooling #EnergyEfficiency #ACMaintenance #HeatwaveReady #ProntoMS #HomeComfort",0,"03/06/2026 07:29",https://www.facebook.com/Prontoms/posts/pfbid02ef4orVYgCiu8hjPN5F7c6goLH154Yt88ZEQY7wsAtJ5QBtFGVpgJjkc9yEdCM5Ejl,Photo,,Lifetime,0,--,8,1,0,0,0,1,6,12,,
1297061109224819,100067628259798,"Pronto MS","Don’t let the summer heat wear down your AC! ☀️❄️

Keeping your home cool shouldn’t be a struggle. Follow these 3 quick tips to ensure your unit stays running strong all summer long:

🕒 1. Swap Your Filters
Change your air filter every 30 days. This simple step keeps your airflow strong and ensures the air in your home stays clean.

🌿 2. Clear the Area
Check your outdoor unit regularly. Make sure it stays clear of grass, leaves, and other debris that can block performance.

🛡️ 3. Block the Heat
Keep your blinds and curtains closed during the hottest parts of the day. This helps reduce the workload on your AC by keeping the sun's natural heat out.

Need a professional tune-up?
📞 Call us: (312) 909-1888
🌐 Visit: www.prontoms.com

#HVACTips #SummerCooling #ACMaintenance #HomeComfort #EnergySaving #ProntoMS",0,"03/05/2026 19:11",https://www.facebook.com/Prontoms/posts/pfbid02GWD5isT66W5QQFR4isuEjATGEEooeVmoPGR8D12VpfPrKvaSHCzZUHDQwhVP9SQCl,Photo,,Lifetime,0,--,6,1,0,0,0,1,5,11,,
1295035209427409,100067628259798,"Pronto MS","Safety isn't just a requirement—it's a lifesaver. 🚨✨

When it comes to emergency evacuations, the quality of your infrastructure matters. Emergency exit metal stairs save lives, and at Pronto MS, we ensure your building is fully prepared for the unexpected.

What Pronto MS Offers:
Heavy Duty Steel Fabrication: Built to withstand the toughest conditions.

Site Survey & Custom Design: Tailored solutions that fit your building’s unique footprint.

Safety Compliant Installation: Peace of mind knowing every step meets rigorous safety standards.

Fast Project Execution: We prioritize your safety without the long wait.

Is your building prepared for a safe evacuation? Don't wait for an emergency to find out.

🔴 Schedule an Inspection Today!

#SafetyFirst #ProntoMS #SteelFabrication #EmergencyExit #BuildingSafety #ConstructionSolutions #FireSafety #SafetyCompliance",0,"03/03/2026 09:05",https://www.facebook.com/Prontoms/posts/pfbid0LXbJFCDdTGrzBkJ3DGTxsf7amNT5Dq8dxGNmEaH5pcs6zp7ppcjomrZocoCHPr9Vl,Photo,,Lifetime,0,--,12,2,0,1,0,1,7,18,,
1294185109512419,100067628259798,"Pronto MS","Stop letting your money disappear into thin air! 💸💨

If your energy bills are climbing but your comfort levels aren't, your HVAC system might be working overtime just to keep up. Efficiency loss isn't just a drain on your wallet—it's often the final warning before a total breakdown.

Routine maintenance is the ""insurance policy"" your system needs to run smooth, stay quiet, and keep costs down. 🛠️❄️

Don’t wait for the heat to fail or the AC to quit. Take control of your utility costs and extend the life of your equipment with a professional tune-up.

Why Choose Pronto MS?
Proactive Care: We spot small issues before they become expensive repairs.

Energy Efficiency: We optimize your system to lower your monthly bills.

Expert Service: Reliable, fast, and professional HVAC solutions.

📞 Call us today: (312) 909-1888
🌐 Visit us: www.prontoms.com

#HVACTips #EnergyEfficiency #HomeMaintenance #ProntoMS #HVACRepair #SaveMoney #CommercialHVAC #HeatingAndCooling",0,"03/02/2026 09:02",https://www.facebook.com/Prontoms/posts/pfbid02q1W95XSUYBf4FWjrpfTSyXK21AR1FrijDyC8MptL13yJmTNKdUJbhK61iGTaVYKfl,Photo,,Lifetime,0,--,8,1,0,0,0,1,7,18,,
1292049609725969,100067628259798,"Pronto MS","True safety comes from a plan, not luck. ✅

As a business owner, you have enough to worry about. Fire protection shouldn't be one of them. Unfortunately, many businesses are currently operating with the wrong systems or outdated maintenance schedules.

ProntoMS is here to bridge that gap. We specialize in identifying and fixing the ""Common 3"":
1️⃣ Incorrect system selection
2️⃣ Irregular maintenance routines
3️⃣ Testing and compliance oversight

Plan Today, Stay Safe Tomorrow. Give your business the protection it deserves.

👉 Message us today for a consultation!

#WorkplaceSafety #FireSystems #ProntoMS #ComplianceCheck #BusinessProtection",0,"02/28/2026 01:07",https://www.facebook.com/Prontoms/posts/pfbid02ZorH8d71eaMnkyZhkCXyhqwVvHgqBZBHsAb6RB3BATUdnFfZsUCRBre2gfMdnDu5l,Photo,,Lifetime,0,--,9,1,0,0,0,1,6,13,,
1291089306488666,100067628259798,"Pronto MS","Looking for ways to keep your commercial property comfortable and cost-efficient? 🏢❄️

Maintaining your HVAC system is about more than just comfort; it’s about protecting your investment and ensuring your business runs smoothly. Here are 5 Commercial HVAC Maintenance Tips every business owner should know:

Essential Maintenance Checklist
Replace AC Filters Regularly: Dirty filters restrict airflow and force your system to work harder, increasing energy costs.

Schedule HVAC Maintenance: Routine professional check-ups can catch small issues before they become expensive breakdowns.

Inspect Heat Specific Systems: Ensure your heating components are ready for the colder months to avoid sudden failures.

Calibrate Your Thermostat Correctly: Proper calibration ensures your system isn't running unnecessarily, saving you money on every bill.

Invest in Newer and Better Systems: Sometimes, upgrading to a modern, high-efficiency system is the smartest long-term financial move.

Don't wait for a breakdown to take action! Consistent care leads to a longer system lifespan and a better environment for your team and customers.

Need Expert Assistance?
ProntoMS is here to help you manage your facility's needs with professional care.

🌐 Website: www.prontoms.com
📞 Phone: (312) 909-1888

#HVAC #CommercialMaintenance #FacilityManagement #BusinessOwnerTips #EnergyEfficiency #ProntoMS #ACRepair #HeatingAndCooling #CommercialRealEstate #propertymanagementcompany",19,"02/27/2026 00:11",https://www.facebook.com/reel/1985577435417503/,Reel,,Lifetime,0,-0.2x,22,0,0,0,0,0,17,25,3.062,67.365
1290296056567991,100067628259798,"Pronto MS","Safety isn’t just a checklist—it’s a lifeline. 🚪🔥

In an emergency, every second counts. A clean, well-planned exit strategy is the difference between chaos and a safe evacuation. Don’t wait for a crisis to find out if your facility is prepared.

At Pronto MS, we specialize in comprehensive life safety solutions to keep your building compliant and your people protected.

Our Safety Essentials:
Emergency Exit Doors: High-performance doors designed for seamless egress.

Exit Signage & Lighting: Clear visibility to guide the way, even in low-light conditions.

Safety Compliance: Expert oversight to ensure you meet all current safety standards.

Your peace of mind starts with a plan that works when it matters most.

Is your facility truly prepared?
📞 Call us at (312) 909-1888
🌐 Visit www.prontoms.com
👉 Get a Free Consultation Today

#LifeSafety #FacilityManagement #EmergencyPreparedness #ProntoMS #FireSafety #BuildingCompliance #safetyfirstsafetyalways",0,"02/26/2026 03:28",https://www.facebook.com/Prontoms/posts/pfbid02yzSEVVAYhXY9kqBf75qEsYubFJjpY4LfZCo51m3JtBtPhH1ELPA3VZQKuA16Z2sUl,Photo,,Lifetime,0,--,9,1,0,0,0,1,5,14,,
1289412479989682,100067628259798,"Pronto MS","Did you know that a fire extinguisher is your first line of defense? Safety isn't just about having the right equipment—it's about knowing why it matters for your home or business.

Here is why keeping your fire extinguishers ready is non-negotiable:

Early Fire Control: Stop a small flame before it becomes a disaster.

People & Property Safety: Protect your most valuable assets and, more importantly, the people inside.

Reduced Damage: Quick action can mean the difference between a minor cleanup and a total loss.

Mandatory Compliance: Stay up to code and ensure you’re meeting safety regulations.

Don't wait for an emergency to find out if your equipment is working! 🧯💨

🌐 Learn more: www.prontoms.com
📞 Contact us: (312) 909-1888

#FireSafety #SafetyFirst #FireExtinguisher #ProntoMS #PropertyManagement #SafetyCompliance #EmergencyPreparednessMonth",0,"02/25/2026 04:21",https://www.facebook.com/Prontoms/posts/pfbid02JpRpdBfCu765rpTDMJbkWUR76y4rziW1q3KT8ypjgNVf5AYcX6beh8mzTxBrmbWGl,Photo,,Lifetime,0,--,7,1,0,0,0,1,6,10,,
1288539000077030,100067628259798,"Pronto MS","Meet the faces behind the first-class service! 🤝

At ProntoMS, we believe that great work starts with great people. Whether it’s complex maintenance or routine service, our team is dedicated to providing the reliability and expertise your facility deserves.

Why partner with us?

Skilled professionals who are experts in their field.

Reliable service you can count on, every time.

Real people who truly care about the work they do.

When you book with ProntoMS, you aren't just getting a service provider—you're getting a team you can trust.

✅ Book with a team you can trust:
📞 Call us: (312) 909-1888
🌐 Visit: www.prontoms.com

#ProntoMS #MeetTheTeam #MaintenanceExperts #ProfessionalService #FacilityManagement #ReliableService #TeamWork",0,"02/24/2026 06:06",https://www.facebook.com/Prontoms/posts/pfbid02hdqVT7Y8t9LkrKsWydotmV7fPir71f1GuZXpdYnGuEJ7QGMVmEfyicLxWeJr3zf2l,Photo,,Lifetime,0,--,8,1,0,0,0,1,6,14,,
1285893460341584,100067628259798,"Pronto MS","Take a deep breath and feel the difference! 🌬️✨

Is the air in your space as clean as it could be? Over time, ventilation systems can harbor hidden pollutants that affect your health and comfort. At ProntoMS, we specialize in professional sanitizing services designed to help you Breathe Cleaner and Live Healthier.

Why prioritize your ventilation?
Eliminate Bacteria & Mold: Our expert service targets and removes harmful growth from your air system.

Remove Hidden Pollutants: We clear out the dust and contaminants you can't see.

Fresher Air: Enjoy a safer, more refreshing environment throughout your entire space.

Don't wait for seasonal allergies or dust buildup to take over. Give your property the ""air quality upgrade"" it deserves!

Ready to refresh your space?
📞 Call us: (312) 909-1888
🌐 Visit: www.prontoms.com

#IndoorAirQuality #VentilationCleaning #HealthyLiving #ProntoMS #CleanAir #HomeMaintenance #breatheeasynaturally",0,"02/21/2026 08:27",https://www.facebook.com/Prontoms/posts/pfbid0ubKdjH1BTp2KHQ3mH865tHFM9WoJESuuVi4UktAoKDv5dcd4ZsW5MuwTiZVuywjQl,Photo,,Lifetime,0,--,6,1,0,0,0,1,4,8,,
1282878267309770,100067628259798,"Pronto MS","In facility management, ""small"" components often provide the most critical protection.

Facility Fact #42: Properly functioning fire sprinklers are proven to reduce damage by up to 60% during an emergency. This isn't just a safety requirement—it’s a vital strategy for asset protection and business continuity.

At ProntoMS, we help you maintain ""massive protection"" through rigorous safety inspections and maintenance.

Is your system up to code?
📞 Call us at (312) 909-1888
🌐 Visit www.prontoms.com

#RiskManagement #CommercialRealEstate #FacilityMaintenance #FireProtection #SafetyStandards #ProntoMS",0,"02/18/2026 01:52",https://www.facebook.com/Prontoms/posts/pfbid02Y1t7GSxU18gZqaYnz48f4H7es7w1Xp8ahEpRQUqX4f9tmog6Hp7vE8vCag5MFsrKl,Photo,,Lifetime,0,--,12,1,0,0,0,1,11,19,,
1282135204050743,100067628259798,"Pronto MS","Compliance-focused, professional, and risk-averse.

Is your facility truly prepared for a power failure? 🏢

Emergency lighting is a critical component of building safety and regulatory compliance. Regular inspections aren't just a ""good idea""—they are essential to ensure occupant safety during an unexpected outage.

At ProntoMS, we provide comprehensive emergency lighting checks so you can lead with confidence, knowing your building is ready for anything.

Be prepared before the lights go out.

📞 Call for more information: (312) 909-1888
🌐 Visit our website: www.prontoms.com

#SafetyCompliance #FacilityManagement #EmergencyPrep #ProntoMS #RiskManagement #BuildingSafety",5,"02/17/2026 05:36",https://www.facebook.com/reel/4419197235028976/,Reel,,Lifetime,0,-0.2x,9,0,0,0,0,0,8,15,2.713,29.848
1281171947480402,100067628259798,"Pronto MS","Start your week on the right foot with Sunday Calm. 😌

At ProntoMS, we believe a peaceful space today is the foundation for a safer, stronger workplace tomorrow. We take the stress out of facility management so you and your team can focus on excellence the moment the doors open on Monday.

Let us help you prepare for the week ahead.

🌐 Website: www.prontoms.com
☎️ Call Today: (312) 909-1888

#FacilitySolutions #OfficeMaintenance #ProntoMS #SaferWorkplace #CleanStart #BusinessReady",0,"02/16/2026 03:59",https://www.facebook.com/Prontoms/posts/pfbid02GDwHgfzfmR9aG9M5yMVLEE46duLMmm5BCYCSTcipsvf3qNT77CdiidzN7c3L1ygEl,Photo,,Lifetime,0,--,11,1,0,0,0,1,9,15,,
1279096367687960,100067628259798,"Pronto MS","Show your building some love this Valentine’s Day! ❤️🏢

A strong foundation is the heart of every great structure. This year, don’t just buy flowers—give your property the care, protection, and attention it deserves.

From structural integrity to daily safety, ProntoMS ensures your building stays secure today and every day. Because true love means keeping what matters most safe.

✅ Book your Safety Check today!
📞 (312) 909-1888
🌐 www.prontoms.com

#ValentinesDay #BuildingSafety #PropertyManagement #ProntoMS #SafetyFirst #chicagorealestateagent",0,"02/14/2026 01:34",https://www.facebook.com/Prontoms/posts/pfbid02QDkaTQMWYwpcGF72DUXYVvEAVaRatuywp41kSCHDZgDC9Jyogo4jhcqp53jHQoS4l,Photo,,Lifetime,0,--,11,1,0,0,0,1,7,12,,
1278231517774445,100067628259798,"Pronto MS","Preparation beats superstition every time. 🛠️

Luck isn't a maintenance plan. Whether it’s your cooling, heating, or overall facility systems, don't wait for a breakdown to realize you should have prepared. At ProntoMS, we replace guesswork with precision service and proactive care.

Don't rely on luck—rely on experts. Your comfort is our priority.

📞 Call us: (312) 909-1888
🌐 Visit: www.prontoms.com

#ProntoMS #FacilityManagement #HVAC #MaintenanceMatters #ProactiveService #Reliability #CommercialMaintenance #NoLuckNeeded",0,"02/13/2026 04:17",https://www.facebook.com/Prontoms/posts/pfbid02eYd6GY1yRomxDuFukENg8vaESf3wXv4RvLD5JfnXfgehPstoYhvC4AsCB2TvPWHbl,Photo,,Lifetime,0,--,8,1,0,0,0,1,7,12,,
1275804354683828,100067628259798,"Pronto MS","Prioritize your peace of mind with professional protection! 🔥🛡️

Your property is a major investment—don't leave its safety to chance. At ProntoMS, we provide expert fire alarm panel installation designed to keep your assets, employees, and tenants safe.

Why choose ProntoMS?

Professional Installation: Expert setup of critical fire safety hardware.

Property Protection: Reliable systems that alert you when every second counts.

Expert Support: We are just a call or click away for your safety needs.

Secure your property today. Click the link in our bio or register now to get started!

Contact Us:
 📞 Contact Us: (312) 909-1888 
🌐 Visit Our Website: www.prontoms.com

#ProntoMS #FireSafety #FireAlarm #SafetyFirst #PropertyManagement #SecuritySystem #FireAlarmInstallation",0,"02/10/2026 11:26",https://www.facebook.com/Prontoms/posts/pfbid0q2GZfQGAJxEzpQm7uB4t4FoD8zxPAK2W5nwUQmZJ72sLf3ukPkFVJ5ZDhaBnTpKdl,Photo,,Lifetime,0,--,14,1,0,0,0,1,9,23,,
1274833484780915,100067628259798,"Pronto MS","Keep your facility running smoothly with Pronto MS! 🏗️⚙️

From HVAC failures to fire safety gaps, facility issues don't just cause headaches—they cause downtime and safety risks. At Pronto MS, we provide the professional expertise and timely response you need to keep your operations compliant and efficient.

Whether it’s a routine inspection or a complex execution, we handle it all. 🛠️✅

Why choose Pronto MS? 🔹 Licensed & Insured 🔹 Trusted by Commercial Facilities 🔹 Proven Expertise in HVAC, Fire Safety, & Ventilation

Don’t let maintenance issues wait. Contact us today for reliable facility solutions!

📞 (312) 909-1888 🌐 www.prontoms.com

#FacilityManagement #CommercialMaintenance #HVACRepair #FireSafety #ProntoMS #BuildingMaintenance #BusinessSolutions",19,"02/09/2026 10:05",https://www.facebook.com/reel/1572650950635992/,Reel,,Lifetime,0,+0.4x,23,0,0,0,0,0,16,28,5.28,116.166
1272703738327223,100067628259798,"Pronto MS","📋 One Vendor. One Invoice. Zero Headaches.

Managing a facility shouldn't feel like a full-time juggling act. If you’re tired of chasing down multiple contractors, tracking endless invoices, and managing different timelines, it’s time to simplify.

ProntoMS is your single point of contact for all trades. We streamline your operations by handling the heavy lifting, giving you back your time and peace of mind.

Simplify your facility management today.

🛠️ Get Started:

🌐 Visit Our Website: www.prontoms.com

📞 Contact Us: (312) 909-1888

#FacilityManagement #PropertyManagement #MaintenanceSimplified #ProntoMS #FacilityManager #CommercialMaintenance #OperationsManagement #OneVendorSolution",0,"02/07/2026 05:51",https://www.facebook.com/Prontoms/posts/pfbid02CdtfSbE1DxoGLeukWhZS2Ujgnwvo11pABxjXJBXhEKoDYxK4AaebTxMNYQS9wGVLl,Photo,,Lifetime,0,--,15,4,0,3,0,1,8,28,,
1272418598355737,100067628259798,"Pronto MS","🔒 Friday Checklist: Secured?

The best kind of weekend is a worry-free one. Before you head out, make sure your facility is ready: 
✅ Lights off 
✅ Alarms set
✅ Doors locked

At ProntoMS, we care about your safety and the security of your facility. Have a safe and relaxing weekend!

Stay safe.

🛡️ Connect With Us:

📞 Call Us: (312) 909-1888

🌐 Website: www.prontoms.com

#FridayChecklist #FacilitySafety #WeekendReady #ProntoMS #PropertyManagement #SecurityFirst #SafetyTips #FacilityMaintenance",0,"02/06/2026 23:06",https://www.facebook.com/Prontoms/posts/pfbid02CuWUconspaeyAcVsVaRKqWzdEhG554W8HYDr6wKSGqVDQYPNw7ST7KBNTrFLA5Ztl,Photo,,Lifetime,0,--,15,1,0,0,0,1,7,32,,
1272221098375487,100067628259798,"Pronto MS","Fire safety isn’t expensive. Neglect is. 🚨

When it comes to the safety of your people and your property, there is no room for compromise. Regular inspections are the only way to prevent costly violations and ensure your equipment is ready when it matters most.

Don't wait for an emergency to find out if your systems work. Schedule your professional inspection with ProntoMS today. 🛡️

📞 Call us: (312) 909-1888
 🌐 Visit: www.prontoms.com

#FireSafety #ProntoMS #SafetyFirst #BuildingInspections #FirePrevention #Compliance #FacilityManagement #SafetyManagement",0,"02/06/2026 17:44",https://www.facebook.com/Prontoms/posts/pfbid0amYmqCvEYvqbK6MhXWqRtSHUoVEo7UYK5RjXvbo3sdr3ANYkDfAq9ExzUJ4i3m3el,Photo,,Lifetime,0,--,6,1,0,0,0,1,4,18,,
1272056725058591,100067628259798,"Pronto MS","The best surprise in facility management is NO surprises. 🛠️

Unexpected breakdowns don’t just stop your machines—they stop your progress. At ProntoMS, we handle the ""behind-the-scenes"" work so you can stay focused on the big picture. From complex ductwork to routine system checks, we ensure your facility runs seamlessly 24/7.

Stop reacting to problems and start preventing them. Maintain with confidence. ✨

✅ 100% Trusted ✅ Zero Interruptions ✅ Expert Maintenance

📞 Call us: (312) 909-1888 🌐 Visit: www.prontoms.com

#FacilityManagement #ProntoMS #PreventativeMaintenance #ChicagoBusiness #BuildingMaintenance #MaintenanceMatters  Management #IndustrialMaintenance #HVAC",0,"02/06/2026 12:56",https://www.facebook.com/Prontoms/posts/pfbid0ZVBC9BwiL7FbV7ycP8DGGf1o5fe5Bx9Vqp2gLD5YU2ZHLbz6dUmKGzgXTqX1p4Aal,Photo,,Lifetime,0,--,5,1,0,0,0,1,4,21,,
1266410788956518,100067628259798,"Pronto MS","A modern facility is a web of intricate, interconnected systems. Managing them requires more than just general knowledge—it requires deep-rooted expertise and a mastery of evolving industry standards. At Pronto MS, our technicians aren't just service providers; they are specialists who understand the ""how"" and ""why"" behind your facility’s performance.

From high-capacity HVAC units to complex mechanical infrastructure, we bring a level of technical precision that ensures your systems are not only running but are optimized for 2026 standards.

Why experience matters for your facility:

⚙️ Master of Complexity: We handle the advanced systems that others might find overwhelming.

📜 Compliance Certainty: Our team stays ahead of industry regulations so you never have to worry about a code violation.

🛡️ Precision Diagnostics: Years of field experience allow us to pinpoint issues faster and more accurately, saving you time and money.

Don’t leave your infrastructure to chance. Rely on the team that has seen it all and solved it all.

Put our expertise to work for you: 
📞 Phone: (312) 909-1888
📩 DM us to ""Rely on Experience"" for your next project!

#ProntoMS #IndustryExpertise #CommercialMaintenance #FacilityManagement #HVACSpecialists #TechnicalPrecision #ChicagoBusiness #BuildingServices #MechanicalEngineering #FacilityStandards",0,"01/31/2026 07:00",https://www.facebook.com/Prontoms/posts/pfbid04A1YkzoFHA4z641FBia9XmWAUVGmZ6kxBiQXf1Ueq4ysiahuE9vWjxq8qGUFhVUAl,Photo,,Lifetime,0,--,12,2,0,1,0,1,8,27,,
1265528619044735,100067628259798,"Pronto MS","In 2026, a service contract should be more than a transaction—it should be a strategic advantage.

At Pronto MS, we don't just show up to fix what’s broken. We aim to be a core part of your facility's success story. We believe that true value is measured by the peace of mind you have when you know your operations are safe, your systems are reliable, and your team is supported by experts who care.

We go beyond basic maintenance to offer long-term operational support that protects your building’s longevity and your company’s bottom line. When you work with us, you aren't just hiring a technician; you are gaining a dedicated partner in facility excellence.

The Pronto MS Value Proposition:

🛡️ Proactive Safety: Reducing liability and protecting occupants through meticulous oversight.

⚙️ Operational Reliability: Ensuring your critical infrastructure supports your business goals without fail.

📈 Strategic Support: Advice and maintenance planning that evolves with your facility's needs.

🤝 Relationship-First Approach: Open communication and a deep understanding of your specific site requirements.

Experience a higher standard of facility management. Let’s build something lasting together.

Discover the power of a true partnership: 
📞 Phone: (312) 909-1888
📩 DM us to ""Experience the Difference"" today!

#ProntoMS #FacilityPartnership #ValueAddedService #BuildingManagement #ChicagoBusiness #OperationalSupport #PropertyManagement #ServiceExcellence #FacilitySafety #MaintenancePartner",0,"01/30/2026 07:53",https://www.facebook.com/Prontoms/posts/pfbid02Sqt6hihZmfVckSmH1nNct8GUX1C1452NhUVVrBxgakR8UfcygVhJ7hmSMc8i8TP5l,Photo,,Lifetime,0,--,12,1,0,0,0,1,8,29,,
1264629515801312,100067628259798,"Pronto MS","In facility management, a missed appointment is more than an inconvenience—it’s a disruption.

We know that your facility operates on a tight schedule. You shouldn't have to wonder when a technician will arrive or if a job will be finished on time. At Pronto MS, we treat your timeline with the respect it deserves. Our scheduling system is designed for maximum reliability, ensuring that maintenance happens exactly when you need it, without the guesswork.

By prioritizing punctuality and clear coordination, we help you maintain operational flow and keep your team focused on their core tasks.

Why reliable scheduling is the Pronto MS standard:

🕒 Precision Timing: We arrive when promised to minimize any impact on your daily operations.

📅 Proactive Planning: Easily coordinate routine maintenance weeks or months in advance.

📢 Real-Time Updates: Stay informed with clear communication from the moment a service is booked to the moment it’s completed.

🛠️ Organized Execution: Our technicians arrive prepared with the right tools and information to get the job done efficiently.

Experience a service partner that respects your time as much as you do.

Keep your facility on track: 
📞 Phone: (312) 909-1888
📩 DM us to ""Plan Your Service"" and take the stress out of maintenance!

#ProntoMS #FacilityManagement #ReliableScheduling #BuildingMaintenance #BusinessOperations #ChicagoPropertyManagement #ServiceExcellence #MaintenancePlanning #ProfessionalService #OperationalEfficiency",0,"01/29/2026 09:37",https://www.facebook.com/Prontoms/posts/pfbid0ih71EoCmHhnfcbJBeD2UGMbV1SJCfYPDaKUL3hw29nMsB5FHxgDMGoc5GY9njH4dl,Photo,,Lifetime,0,--,8,1,0,0,0,1,7,25,,
1263562432574687,100067628259798,"Pronto MS","We’re excited to be attending the upcoming industry conference.
Join us to learn how our NFPA 96 Kitchen Exhaust Cleaning and HVAC-R services help commercial facilities stay safe, compliant, and efficient.

📍 Meet us at the conference.

#NFPA96 #KitchenExhaustCleaning #HVACR #FireSafety #CommercialKitchens #FacilityManagement #CodeCompliance #IndustryConference #BuildingSafety #ProntoMS",0,"01/28/2026 07:19",https://www.facebook.com/Prontoms/posts/pfbid02MaXjpJ6otVhayWNsr5rvqnNSUdT5ouJuH1fxFiQU9ST7B3G25hEohSrG3MMjHWkql,Photo,,Lifetime,0,--,16,2,0,1,0,1,14,31,,
1262674029330194,100067628259798,"Pronto MS","In facility management, what you don’t see can cost you the most.

Waiting for a system to fail before addressing it is more than a maintenance headache—it’s a major operational risk. At Pronto MS, we specialize in identifying the silent indicators of wear, tear, and non-compliance before they turn into expensive emergency repairs or safety hazards.

Our proactive approach is designed to keep your business stable, your occupants safe, and your budget predictable.

Why a risk-first approach matters:

🚫 Prevent Disruptions: Catch mechanical or safety issues before they force an operational shutdown.

📉 Control Costs: Small, proactive adjustments are significantly cheaper than reactive emergency fixes.

✅ Ensure Continuity: Maintain 100% uptime with systems that are monitored and managed by experts.

Protect your bottom line and your peace of mind. Let us help you identify and eliminate facility risks today.

Secure your operations: 
📞 Phone: (312) 909-1888
📩 DM us to ""Reduce Operational Risk"" now!

#ProntoMS #RiskManagement #FacilityMaintenance #ProactiveService #SafetyStandards #ChicagoBusiness #OperationalExcellence #BuildingSafety #PropertyManagement #PreventativeMaintenance",0,"01/27/2026 08:34",https://www.facebook.com/Prontoms/posts/pfbid0L7TSeQRSHNeqZbVNEYR75Zd7d7XdxyNERq5yUp9AcKi67C69tA1drWiyCeoBPPw5l,Photo,,Lifetime,0,--,11,1,0,0,0,1,9,17,,
1261771622753768,100067628259798,"Pronto MS","Beyond service providers. We are your facility’s silent partners in success.

In the world of facility management, consistency is everything. You don’t just need a company that shows up when things break; you need a partner who understands your building’s history, your operational goals, and your standards for safety.

At Pronto MS, we pride ourselves on building long-term relationships that go far beyond a service contract. We operate as an extension of your own team, dedicated to the reliability and longevity of your infrastructure. When you partner with us, you gain a team that is as invested in your facility's performance as you are.

Why facilities choose a partnership with Pronto MS:

✨ Tailored Knowledge: We learn the nuances of your specific facility to provide better, faster solutions.

🛡️ Unwavering Reliability: You can count on us for consistent quality, whether it’s a routine check or a critical update.

🤝 Trust-Based Approach: Transparent communication and honest recommendations are the pillars of our service.

Discover the peace of mind that comes from having a dedicated team in your corner. Let’s build a foundation of reliability together.

Experience the power of a true partnership: 
📞 Phone: (312) 909-1888
📩 DM us to ""Partner with Pronto MS"" today!

#ProntoMS #FacilityPartnership #ReliableService #BuildingMaintenance #BusinessTrust #PropertyManagement #ChicagoBusiness #LongTermSuccess #FacilityManagement #ServiceReliability",0,"01/26/2026 09:58",https://www.facebook.com/Prontoms/posts/pfbid02KZnUAQedd95Ek496HuoY9ZNtY8SsWTq5Fm5b8yULshiaPw7VvKWfapZZzdEnbdv6l,Photo,,Lifetime,0,--,10,1,0,0,0,1,8,17,,
1258747436389520,100067628259798,"Pronto MS","Is your facility running at peak performance, or is it draining your budget?

In 2026, energy efficiency isn't just a ""green"" initiative—it’s a vital strategy for cost control. At Pronto MS, we specialize in smart maintenance that does more than just keep the lights on. We optimize your HVAC, ventilation, and mechanical systems to ensure they operate at maximum efficiency, significantly reducing energy waste and lowering your monthly overhead.

Investing in proactive system optimization pays dividends through:

📉 Lower Utility Bills: Well-maintained systems require less power to deliver better results.

⏳ Extended Equipment Life: Reducing strain on your machinery prevents premature (and expensive) replacements.

🌱 Sustainable Growth: Lowering your carbon footprint while increasing your bottom line.

Stop paying for energy you aren't actually using. Let our experts fine-tune your facility for a more profitable future.

Optimize your systems today: 
📞 Phone: (312) 909-1888
📩 DM us to schedule an efficiency audit!

#ProntoMS #EnergyEfficiency #CostControl #FacilityManagement #HVACMaintenance #BuildingOptimization #SustainableBusiness #CommercialMaintenance #OperationalExcellence #ChicagoBusiness",0,"01/23/2026 07:27",https://www.facebook.com/Prontoms/posts/pfbid02jQvxpS1PGL63MebhsAV3YnzUVCFYpUxBvbDgShpozzny8FHCHipEWutVnufNc6ohl,Photo,,Lifetime,1,--,8,3,0,1,0,1,6,14,,
1257937813137149,100067628259798,"Pronto MS","Is your facility prepared for the unexpected?

When an emergency strikes—whether it's a critical system failure or a safety event—every second counts. True readiness isn't just about having equipment in place; it’s about having the confidence that your systems will perform under pressure. At Pronto MS, we specialize in the high-stakes maintenance that ensures your fire safety, HVAC, and ventilation systems are always primed for response.

In 2026, building safety standards demand a proactive approach to emergency preparedness. We help you stay ahead by providing:

Critical System Testing: Rigorous checks on emergency lighting, fire suppression, and backup systems.

Expert Technical Response: A team of specialists who understand the urgency of commercial and industrial uptime.

Resilient Infrastructure: Maintenance strategies designed to withstand the stress of critical situations.

Don’t wait for a crisis to test your readiness. Ensure your facility is a safe, resilient environment for everyone inside.

Take the proactive step toward total preparedness: 
📞 Phone: (312) 909-1888
📩 DM us today to ""Prepare Your Facility""!

#ProntoMS #EmergencyReadiness #FacilityManagement #SafetyFirst #FireSafety #IndustrialMaintenance #BuildingSecurity #ChicagoBusiness #EmergencyPreparedness #ServiceExcellence",0,"01/22/2026 07:55",https://www.facebook.com/Prontoms/posts/pfbid0ieNg6xyVvNP8CyV2AaVfFnbLJCYKyscY3D1W5BF31mTwkZgc3hisww7YGeVMZZ5tl,Photo,,Lifetime,1,--,10,3,0,1,0,1,7,17,,
1256996699897927,100067628259798,"Pronto MS","Regulatory compliance shouldn’t be a guessing game.

In the commercial and industrial world, staying up to code is about more than just avoiding fines—it’s about ensuring the absolute safety of your people and your property. At Pronto MS, we specialize in bridge the gap between complex regulations and daily operations.

We provide the consistency and documentation you need to face any inspection with total confidence. From fire safety systems to ventilation standards, we ensure your facility meets every local and national requirement.

Our Compliance-First Approach includes:

🔍 Thorough Audits: Identifying potential gaps in your current maintenance schedule.

📝 Detailed Documentation: Providing the paper trail required for insurance and regulatory bodies.

🛠️ Certified Maintenance: Services performed by licensed experts who stay ahead of 2026 safety codes.

Don’t leave your compliance to chance. Partner with a team that treats your facility’s safety as its highest priority.

Ensure your facility is fully compliant today: 
📞 Phone: (312) 909-1888
📩 DM us to schedule a compliance review!

#ProntoMS #FacilityCompliance #FireSafetyRegulations #CommercialMaintenance #SafetyFirst #ChicagoBusiness #BuildingSafety #RiskManagement #PropertyManagement #RegulatoryCompliance",0,"01/21/2026 07:37",https://www.facebook.com/Prontoms/posts/pfbid0iTnFyJmMsSjqVMBwdVYErbMssakzFkxCjrvD8erntRiC75Gd5Y4frhxT8rWpEybEl,Photo,,Lifetime,0,--,9,1,0,0,0,1,7,13,,
1256102503320680,100067628259798,"Pronto MS","In facility management, reliability isn’t just a goal—it’s our standard.

When it comes to your commercial or industrial facility, you shouldn’t have to worry about whether the job was done right. At Pronto MS, we pride ourselves on being the dependable partner businesses trust to keep their operations safe, efficient, and fully compliant.

What sets our team apart?

✅ Licensed & Certified: Our technicians are experts in their fields, staying current with 2026 industry standards.

✅ Fully Insured: We provide peace of mind by protecting your property and our team.

✅ Proven Experience: From complex HVAC systems to critical fire safety, we bring years of hands-on expertise to every project.

We don't just provide services; we provide the confidence that your facility is in the best possible hands. Discover why leading businesses choose Pronto MS for their long-term maintenance needs.

Experience professional service you can count on: 
📞 Phone: (312) 909-1888  
📩 DM us to discuss your facility’s needs!

#ProntoMS #FacilityManagement #ProfessionalServices #BuildingMaintenance #Reliability #ChicagoBusiness #SafetyFirst #LicensedContractor #IndustrialServices #PropertyManagement",0,"01/20/2026 07:54",https://www.facebook.com/Prontoms/posts/pfbid0KhsFxdQ7kprmC3E58GqbtxsSGQsqcVQ3WX9XkA3VyUWXze1EDs2zXwJUQ8y5322cl,Photo,,Lifetime,0,--,6,1,0,0,0,1,5,6,,
1255267053404225,100067628259798,"Pronto MS","Excellence isn’t an option—it’s a requirement.

In 2026, keeping a commercial facility running at peak performance requires more than just maintenance; it requires a partner dedicated to Safety, Reliability, and Compliance. At Pronto MS, we specialize in the critical systems that keep your business moving and your people protected. Our team of trusted experts delivers proven results across a full spectrum of facility services:

🔥 Fire Safety: Keeping you protected and fully compliant with current codes. ❄️ HVAC & Refrigeration: High-performance climate control and cooling solutions. 🌬️ Ventilation: Specialized cleaning and maintenance for optimal air quality.

Whether you manage a commercial kitchen or an industrial complex, Pronto MS provides the technical expertise and dependable service you need to stay ahead.

Secure your facility’s future today: 
📞 Phone: (312) 909-1888  
📩 DM us for a service overview or consultation!

#ProntoMS #FacilityServiceExperts #CommercialMaintenance #FireSafety #HVACMaintenance #BuildingCompliance #IndustrialSafety #ChicagoFacilities #SafetyFirst #ProfessionalMaintenance",18,"01/19/2026 07:58",https://www.facebook.com/reel/1511872820938464/,Reel,,Lifetime,0,-0.4x,9,0,0,0,0,0,7,8,2.513,20.107
1254536206810643,100067628259798,"Pronto MS","Playoff football is here, and the energy in Illinois is electric! 🐻⚡️

As the Chicago Bears gear up for their massive showdown against the Rams this Sunday, the entire team at Pronto MS is standing behind them. After a season of grit and determination, it’s time to show the world what Chicago pride looks like!

We’re proud of our roots and proud of our team. Let’s go out there and get that victory! 🏆🏈

Who are you watching the game with? Tag your favorite Bears fan below! 👇

Website: 🌐 www.prontoms.com

 #Bears #ProntoMS #ChicagoPride #GoBears #Playoffs #MonstersOfTheMidway #ChicagoFootball #BearDown",0,"01/18/2026 11:00",https://www.facebook.com/Prontoms/posts/pfbid02qPTK2G9B91siodFgPq3s2GdQAPwWCojZNbCspCXt15oufYKyjGc2LYi752Dnpuzsl,Photo,,Lifetime,0,--,7,1,0,0,0,1,6,8,,
1254458363485094,100067628259798,"Pronto MS","As the Chicago Bears gear up for their playoff game against the Rams this Sunday, we at Pronto MS want to take a moment to wish our team the best of luck! 🐻🏆

After a long and challenging season, your hard work and determination have brought us to this exciting moment. As an Illinois-based company, we're proud to stand by our Bears through thick and thin, rooting for you all the way to victory!

Let’s show the world what Chicago pride is all about! ⚡️🏈

🌐 www.prontoms.com

#Bears #ProntoMS #ChicagoPride #GoBears #Playoffs #ChicagoFootball #IllinoisBusiness",0,"01/18/2026 09:00",https://www.facebook.com/Prontoms/posts/pfbid0C4uoJcCEHeYotEw19Fvx9XLvderry9AYsPmJRECemoFQW58cS96VcP2pQWwXAZJhl,Photo,,Lifetime,0,--,7,1,0,0,0,1,4,7,,
1254371300160467,100067628259798,"Pronto MS","As the Chicago Bears gear up for their playoff game against the Rams this Sunday, we at Pronto MS want to take a moment to wish our team the best of luck! 🐻🏆

After a long and challenging season, your hard work and determination have brought us to this exciting moment. As an Illinois-based company, we're proud to stand by our Bears through thick and thin, rooting for you all the way to victory!

Let’s show the world what Chicago pride is all about! ⚡️🏈

Learn more about us: 🌐 www.prontoms.com

Drop a ""Go Bears!"" in the comments if you’re rooting for Chicago this weekend! 👇

#Bears #ProntoMS #ChicagoPride #GoBears #Playoffs #ChicagoFootball #IllinoisBusiness",0,"01/18/2026 07:00",https://www.facebook.com/Prontoms/posts/pfbid02RQLSrgKya2bPrqm9ek4M5YW5DUKV7gvj1dcnFgKyhU8rGgwESHHTMpDBMu9gBrK4l,Photo,,Lifetime,0,--,2,1,0,0,0,1,2,3,,
1252792800318317,100067628259798,"Pronto MS","Is your facility’s ventilation working for you or against you?

In a high-demand commercial kitchen or industrial facility, grease and dust are more than just a cleaning nuisance—they are a serious fire hazard and a threat to indoor air quality. At Pronto MS, we provide deep-cleaning services for exhaust and ventilation systems that go beyond the surface to ensure total safety and peak performance.

Our compliance-driven approach helps your business:

Minimize Fire Risk: We remove combustible grease buildup in hoods and ducts.

Improve Air Quality: Clean ventilation ensures a healthier environment for your staff and customers.

Stay Compliant: Our services meet strict industry safety standards and insurance requirements.

Don't wait for a safety inspection to identify a problem. Ensure your systems are clean, efficient, and—most importantly—safe.

Take the first step toward a safer facility today: 
📞 Phone: (312) 909-1888 
📩 DM us to request a professional quote!

#ProntoMS #KitchenExhaustCleaning #VentilationSafety #FirePrevention #FacilityManagement #CommercialCleaning #ChicagoBusiness #SafetyCompliance #HVACMaintenance #CleanAir",0,"01/16/2026 08:22",https://www.facebook.com/Prontoms/posts/pfbid0jwcvrbzDZmtDQ9HpdVJnSuFSLzvn4s7ZwSE69v2dhmXaL3zehvLNym7FU1uyQgGRl,Photo,,Lifetime,0,--,2,1,0,0,0,1,2,2,,
1251875233743407,100067628259798,"Pronto MS","Temperature control is the heartbeat of your facility.

From preserving inventory in commercial refrigeration to ensuring employee comfort with precision HVAC systems, your environment dictates your success. At Pronto MS, we provide dependable, industrial-grade climate solutions designed to keep your operations running without a hitch.

In 2026, energy efficiency and system reliability are more important than ever. Our expert technicians specialize in:

Preventive Maintenance: Stopping breakdowns before they disrupt your day.

Commercial Refrigeration: Expert care for walk-ins, reach-ins, and specialized cooling units.

HVAC Optimization: Ensuring your heating and cooling systems operate at peak efficiency to reduce utility costs.

Don’t wait for a system failure to call the experts. Keep your facility running smoothly with a team that understands the demands of commercial and industrial environments.

Book your 2026 service visit today: 
📞 Phone: (312) 909-1888 
📩 DM us to schedule your maintenance!

#ProntoMS #HVACService #CommercialRefrigeration #FacilityManagement #BuildingMaintenance #IndustrialHVAC #ChicagoBusiness #EnergyEfficiency #HVACMaintenance #BusinessOperations",0,"01/15/2026 07:00",https://www.facebook.com/Prontoms/posts/pfbid02sENUng2Y1uTrCaAXs3NY2jA4zYPkLiC4ETwP15MtNWZMnhVBmn3NGQyBKfQ9TJP7l,Photo,,Lifetime,0,--,5,1,0,0,0,1,4,9,,
1250994943831436,100067628259798,"Pronto MS","Is your facility fully protected and up to code?

In a commercial environment, fire safety is not just a checkbox—it’s the backbone of your operational security. At Pronto MS, we provide comprehensive fire protection services that ensure your systems are ready when they matter most.

Our mission is to take the guesswork out of compliance so you can focus on running your business. We provide expert oversight for:

System Inspections: Rigorous testing of fire suppression and safety equipment.

Code Compliance: Ensuring your facility meets all current safety standards to avoid liabilities.

Proactive Security: Identifying potential risks before they turn into emergencies.

Don't wait for an inspection to find a failure. Trust the experts to keep your people safe and your facility secure.

Prioritize your safety today: 
📞 Phone: (312) 909-1888
📩 DM us to schedule your 2026 fire safety inspection!

#ProntoMS #FireSafety #Compliance #FacilityManagement #SafetyFirst #FireInspection #CommercialSafety #BuildingMaintenance #ChicagoBusiness #SafetyStandard",0,"01/14/2026 07:12",https://www.facebook.com/Prontoms/posts/pfbid0z5nfie3fd99brnmi2CNqb2mX9qz67Hco5vtPuXRBGV2fZCctQkZXgjr77BURsu1Ul,Photo,,Lifetime,0,--,6,2,0,1,0,1,4,7,,
1249410807323183,100067628259798,"Pronto MS","Excellence isn’t just a goal—it’s our standard.

In the world of facility management, who you trust matters. Your equipment and infrastructure are the lifeblood of your business, and they deserve the highest level of care. At Pronto MS, we pride ourselves on being more than just a service provider; we are your reliable partners in operational success.

Why do businesses across the region choose us?

Licensed & Insured: Complete protection and peace of mind for every project, large or small.

Experienced Professionals: Our technicians are experts in their fields, bringing years of technical knowledge to your site.

Dependable Service: We show up on time, provide transparent communication, and deliver results you can count on.

Don't settle for ""good enough"" when it comes to your facility. Work with a team that values your business as much as you do.

Partner with the experts today: 
📞 Phone: (312) 909-1888 
📩 DM us to discuss your facility needs for 2026!

#ProntoMS #FacilityManagement #TrustedExperts #ProfessionalServices #CommercialMaintenance #ChicagoBusiness #BuildingExcellence #LicensedAndInsured #BusinessReliability #FacilityMaintenance",0,"01/12/2026 07:59",https://www.facebook.com/Prontoms/posts/pfbid02jSZyZUL1C3D8dVW2rdm1NVYc1hyDDNMCLc3bb9xdXuK3rZ3syfTStr62QMtLXVzvl,Photo,,Lifetime,1,--,7,3,0,1,0,1,6,11,,
1247045010893096,100067628259798,"Pronto MS","The most expensive repair is the one you didn't see coming.

In the world of commercial facility management, ""if it ain't broke, don't fix it"" is a costly mistake. Reactive repairs lead to unexpected downtime, lost revenue, and emergency service fees. At Pronto MS, we help you stay ahead of the curve with strategic preventive maintenance designed to keep your operations seamless.

A proactive plan with our expert team ensures:

Reduced Downtime: Fix small issues before they halt your entire production.

Cost Control: Budget for maintenance rather than paying for emergency disasters.

Extended Equipment Life: Keep your HVAC, refrigeration, and safety systems running stronger for longer.

Start 2026 with a commitment to operational excellence. Let us build a maintenance schedule that protects your bottom line.

Ready to plan your 2026 maintenance strategy? 
📞 Phone: (312) 909-1888 

#ProntoMS #PreventiveMaintenance #FacilityManagement #BusinessEfficiency #PropertyMaintenance #CommercialRealEstate #ChicagoBusiness #MaintenanceStrategy #Uptime #ProfessionalServices",0,"01/09/2026 07:47",https://www.facebook.com/Prontoms/posts/pfbid0Jhz95DPZikXxJfLguprbnr1zcPFR7DvzJzEqJFafirg8FTSqeDGXdqo84MrpFyYel,Photo,,Lifetime,1,--,13,3,0,1,0,1,9,23,,
1246178717646392,100067628259798,"Pronto MS","Is your kitchen’s safety hiding in plain sight?

Behind every successful commercial kitchen is a ventilation system working overtime. Over time, grease and debris build up, creating a significant fire hazard and compromising the air quality for your staff and guests. At Pronto MS, we provide deep-cleaning solutions that go beyond the surface to ensure your facility is both safe and compliant.

Our professional exhaust cleaning services deliver:

Fire Risk Mitigation: Removing flammable grease buildup from hoods, ducts, and fans.

Optimized Air Quality: Improving ventilation to keep your kitchen cool and smoke-free.

Compliance Ready: Ensuring your systems meet strict NFPA 96 standards and local health codes.

Don’t wait for an inspection to find a flaw. Start the year with a professional cleaning that protects your people and your property.

Secure your facility’s safety today: 
📞 Phone: (312) 909-1888 

#ProntoMS #KitchenExhaustCleaning #VentilationSafety #CommercialKitchen #FirePrevention #FacilityManagement #SafetyCompliance #NFPA96 #ChicagoBusiness #KitchenMaintenance",0,"01/08/2026 07:00",https://www.facebook.com/Prontoms/posts/pfbid02YzftKqRGkmuBTjeUioxCCWEPfb6tfMq6tz5jdbQiD5MoLRo47kXCFwtd9L16k6KEl,Photo,,Lifetime,0,--,7,1,0,0,0,1,5,16,,
1245327624398168,100067628259798,"Pronto MS","Keep your operations cool and your business running hot.

A malfunctioning HVAC or refrigeration system can bring your business to a grinding halt. At Pronto MS, we provide the dependable service you need to ensure your climate control systems are working at peak performance, no matter the season.

From industrial cooling to commercial heating, our expert technicians offer:

Precision Installation: Modern systems installed with efficiency in mind.

Preventive Maintenance: Identifying wear and tear before it leads to a breakdown.

Year-Round Efficiency: Optimizing your systems to lower energy costs and extend equipment life.

Don't wait for a system failure to call the experts. Start the year with a maintenance plan that guarantees uptime and comfort for your staff and customers.

Ensure your systems stay reliable in 2026: 
📞 Phone: (312) 909-1888 

#ProntoMS #HVACServices #CommercialRefrigeration #FacilityMaintenance #HVACRepair #IndustrialCooling #ChicagoBusiness #PreventiveMaintenance #BuildingManagement #ClimateControl",0,"01/07/2026 05:59",https://www.facebook.com/Prontoms/posts/pfbid05miHCtMspbynSGiiV4xLAarFFeb15sjLNsXGkMEtWKE98DktS6GVjhACQoZkKYLrl,Photo,,Lifetime,0,--,7,1,0,0,0,1,5,8,,
1244635327800731,100067628259798,"Pronto MS","Is your facility fully protected for the year ahead?

Safety isn’t just a checklist—it’s the backbone of a successful business. At Pronto MS, we provide professional fire protection services designed to keep your facility compliant, prepared, and protected against the unexpected.

Our expert safety team specializes in:

Comprehensive Inspections: Ensuring your alarms, extinguishers, and suppression systems are in peak condition.

Code Compliance: Keeping your business up to date with the latest local fire safety regulations.

Peace of Mind: Professional oversight so you can focus on your daily operations without worry.

Don't leave your safety to chance. Start January with a professional evaluation from a team that puts your protection first.

Schedule your safety inspection today: 
📞 Phone: (312) 909-1888 

#ProntoMS #FireSafety #FacilityManagement #FireProtection #SafetyFirst #CommercialSafety #BuildingCompliance #ChicagoBusiness #SafetyInspections #PropertyMaintenance",0,"01/06/2026 08:38",https://www.facebook.com/Prontoms/posts/pfbid02gUnJQg8Ws5kVJKv1QyNNWtCKP4MZcEfYh9VBUMFm9zZ4Tak9gjUCN1uU7TnDWbb7l,Photo,,Lifetime,0,--,5,0,0,0,0,0,4,6,,
1243811024549828,100067628259798,"Pronto MS","Reliable maintenance is the foundation of a successful facility.

When it comes to your property, you need more than just a service provider—you need a partner you can trust. At Pronto MS, we pride ourselves on being a team of licensed, insured, and highly experienced professionals dedicated to the safety and efficiency of your operations.

Why Chicago businesses choose us:

Licensed & Insured: We prioritize safety and accountability in every project.

Industry Experience: Years of expertise in HVAC, fire safety, and general maintenance.

Reliability: We show up on time and get the job done right the first time.

Don't leave your facility’s health to chance. Start the year with a professional team that understands your business needs.

Partner with the professionals today: 
📞 Phone: (312) 909-1888 

#ProntoMS #FacilityManagement #CommercialMaintenance #TrustedExperts #PropertyManagement #LicensedContractor #BuildingSafety #ChicagoBusiness #ReliableService #MaintenanceExperts",0,"01/05/2026 09:32",https://www.facebook.com/Prontoms/posts/pfbid02xduvpXsVN7zJTJdwCEdT8HFG1zpc79LDURLtsqimedjpLmDjm93iZUQzvHvgeeYal,Photo,,Lifetime,0,--,5,0,0,0,0,0,4,6,,
